request_number,run_number,version,page_size,status_code,sql_queries,server_retrieval_ms,end_to_end_ms,record_count
1,17,naive,10,200,11,15.968,31.53,10
2,20,optimized,50,200,1,12.645,28.426,50
3,29,naive,200,200,201,210.742,224.998,200
4,8,naive,200,200,201,212.893,227.202,200
5,24,naive,200,200,201,214.21,228.641,200
6,10,optimized,10,200,1,2.847,13.112,10
7,17,optimized,10,200,1,2.387,11.819,10
8,14,optimized,50,200,1,6.379,21.795,50
9,10,optimized,200,200,1,9.281,26.243,200
10,28,optimized,200,200,1,7.773,22.381,200
11,27,naive,50,200,51,55.162,65.823,50
12,21,optimized,200,200,1,6.654,21.548,200
13,18,optimized,200,200,1,7.63,21.938,200
14,23,optimized,200,200,1,8.071,24.985,200
15,8,optimized,10,200,1,3.472,14.989,10
16,11,optimized,50,200,1,3.279,16.069,50
17,23,naive,10,200,11,13.299,24.122,10
18,14,naive,10,200,11,11.487,24.958,10
19,22,optimized,200,200,1,8.489,22.646,200
20,16,naive,50,200,51,55.195,66.155,50
21,3,naive,200,200,201,212.088,228.612,200
22,30,naive,10,200,11,11.436,21.23,10
23,16,optimized,10,200,1,2.646,13.303,10
24,15,optimized,50,200,1,5.212,16.031,50
25,26,naive,10,200,11,12.533,23.051,10
26,7,optimized,50,200,1,3.471,14.607,50
27,22,naive,10,200,11,18.47,32.129,10
28,15,naive,200,200,201,216.041,232.282,200
29,16,naive,10,200,11,14.888,28.016,10
30,11,naive,200,200,201,217.858,232.915,200
31,30,optimized,200,200,1,7.615,22.059,200
32,30,optimized,50,200,1,5.465,21.445,50
33,29,optimized,200,200,1,9.883,27.078,200
34,11,naive,10,200,11,12.87,23.074,10
35,7,naive,10,200,11,11.482,21.755,10
36,12,optimized,200,200,1,7.542,20.161,200
37,3,optimized,50,200,1,4.599,16.81,50
38,9,naive,200,200,201,212.344,226.984,200
39,16,naive,200,200,201,215.581,229.55,200
40,28,optimized,50,200,1,2.971,14.916,50
41,19,optimized,50,200,1,3.824,14.401,50
42,16,optimized,200,200,1,7.737,23.751,200
43,4,optimized,10,200,1,2.681,11.743,10
44,5,naive,10,200,11,13.347,23.641,10
45,9,naive,10,200,11,12.816,21.593,10
46,10,naive,200,200,201,267.772,282.991,200
47,22,optimized,50,200,1,4.104,18.372,50
48,4,naive,200,200,201,292.922,308.652,200
49,17,naive,200,200,201,284.051,302.579,200
50,3,naive,50,200,51,67.202,80.971,50
51,23,naive,200,200,201,235.708,251.14,200
52,11,optimized,10,200,1,2.432,13.213,10
53,28,naive,50,200,51,56.357,66.8,50
54,3,optimized,10,200,1,2.599,14.239,10
55,20,naive,10,200,11,14.298,24.386,10
56,29,optimized,10,200,1,3.931,18.848,10
57,8,optimized,50,200,1,5.538,19.738,50
58,22,naive,50,200,51,57.123,68.696,50
59,11,naive,50,200,51,54.944,66.224,50
60,29,naive,10,200,11,11.947,21.963,10
61,12,naive,200,200,201,236.014,249.929,200
62,16,optimized,50,200,1,3.415,15.068,50
63,6,naive,200,200,201,209.199,222.669,200
64,10,naive,10,200,11,14.168,25.296,10
65,8,optimized,200,200,1,45.781,63.483,200
66,13,optimized,10,200,1,3.514,15.25,10
67,14,optimized,10,200,1,2.544,15.268,10
68,12,naive,10,200,11,15.396,28.045,10
69,2,naive,10,200,11,18.696,31.989,10
70,18,naive,200,200,201,272.852,291.41,200
71,6,naive,50,200,51,70.116,83.2,50
72,22,naive,200,200,201,403.091,422.122,200
73,18,optimized,50,200,1,6.354,24.039,50
74,6,optimized,10,200,1,4.346,18.225,10
75,8,naive,10,200,11,20.465,33.412,10
76,7,optimized,200,200,1,11.35,33.569,200
77,2,optimized,200,200,1,10.014,28.599,200
78,1,naive,50,200,51,87.807,102.362,50
79,5,naive,200,200,201,316.663,334.604,200
80,12,optimized,10,200,1,3.262,13.285,10
81,1,optimized,10,200,1,2.532,13.433,10
82,29,optimized,50,200,1,4.343,16.008,50
83,26,naive,200,200,201,224.319,237.862,200
84,26,optimized,50,200,1,4.59,15.96,50
85,18,naive,10,200,11,23.416,37.626,10
86,23,naive,50,200,51,97.698,115.339,50
87,20,naive,50,200,51,73.429,87.413,50
88,27,optimized,50,200,1,2.9,14.369,50
89,24,optimized,200,200,1,8.263,22.687,200
90,28,naive,200,200,201,210.977,227.388,200
91,24,optimized,50,200,1,3.401,14.88,50
92,21,naive,10,200,11,14.063,24.777,10
93,14,optimized,200,200,1,7.139,20.782,200
94,4,naive,10,200,11,13.268,23.355,10
95,24,optimized,10,200,1,2.234,12.708,10
96,27,naive,10,200,11,12.529,24.852,10
97,1,optimized,200,200,1,7.339,21.49,200
98,22,optimized,10,200,1,3.046,13.036,10
99,1,optimized,50,200,1,4.318,16.63,50
100,19,naive,10,200,11,12.411,22.218,10
101,13,optimized,200,200,1,7.34,22.219,200
102,2,optimized,10,200,1,2.606,14.027,10
103,20,optimized,200,200,1,9.887,26.428,200
104,11,optimized,200,200,1,8.943,25.071,200
105,10,naive,50,200,51,58.194,70.127,50
106,21,naive,50,200,51,56.173,68.118,50
107,9,optimized,200,200,1,8.324,22.201,200
108,9,optimized,10,200,1,2.55,12.989,10
109,19,naive,200,200,201,206.445,218.987,200
110,25,optimized,50,200,1,3.21,14.814,50
111,27,naive,200,200,201,211.654,227.36,200
112,20,optimized,10,200,1,2.26,12.365,10
113,9,optimized,50,200,1,3.747,13.975,50
114,12,optimized,50,200,1,5.062,17.998,50
115,19,naive,50,200,51,81.024,93.488,50
116,20,naive,200,200,201,220.652,235.697,200
117,3,optimized,200,200,1,7.068,24.355,200
118,30,naive,200,200,201,212.269,227.452,200
119,6,optimized,200,200,1,6.954,21.434,200
120,1,naive,10,200,11,12.043,21.391,10
121,25,naive,10,200,11,12.977,22.247,10
122,15,naive,10,200,11,11.691,22.419,10
123,5,optimized,10,200,1,2.094,13.275,10
124,9,naive,50,200,51,55.597,66.748,50
125,28,naive,10,200,11,12.023,22.772,10
126,28,optimized,10,200,1,3.396,13.672,10
127,13,naive,10,200,11,13.644,24.467,10
128,21,optimized,10,200,1,2.091,12.53,10
129,23,optimized,10,200,1,3.606,14.402,10
130,1,naive,200,200,201,213.002,227.743,200
131,5,naive,50,200,51,61.223,72.127,50
132,2,naive,50,200,51,53.049,65.092,50
133,15,naive,50,200,51,53.271,64.802,50
134,13,optimized,50,200,1,3.77,15.612,50
135,15,optimized,200,200,1,7.981,20.801,200
136,4,optimized,50,200,1,5.128,19.566,50
137,7,naive,200,200,201,214.795,228.777,200
138,19,optimized,10,200,1,2.107,12.47,10
139,23,optimized,50,200,1,4.749,16.583,50
140,15,optimized,10,200,1,3.615,15.436,10
141,21,optimized,50,200,1,5.648,19.039,50
142,24,naive,50,200,51,58.359,72.779,50
143,5,optimized,200,200,1,6.332,20.754,200
144,26,optimized,10,200,1,3.107,11.915,10
145,10,optimized,50,200,1,5.302,18.297,50
146,6,optimized,50,200,1,4.851,19.827,50
147,17,naive,50,200,51,55.22,64.895,50
148,25,naive,200,200,201,206.703,220.349,200
149,13,naive,50,200,51,57.419,69.338,50
150,14,naive,50,200,51,64.083,77.33,50
151,30,naive,50,200,51,55.276,65.991,50
152,18,naive,50,200,51,55.275,66.041,50
153,13,naive,200,200,201,218.373,231.863,200
154,21,naive,200,200,201,207.482,221.75,200
155,25,optimized,10,200,1,2.475,14.889,10
156,7,naive,50,200,51,57.905,68.153,50
157,26,naive,50,200,51,53.28,65.025,50
158,17,optimized,50,200,1,2.952,14.909,50
159,27,optimized,10,200,1,2.336,11.893,10
160,12,naive,50,200,51,61.337,72.538,50
161,19,optimized,200,200,1,7.552,22.262,200
162,29,naive,50,200,51,53.126,64.133,50
163,24,naive,10,200,11,11.043,23.799,10
164,25,naive,50,200,51,57.561,68.819,50
165,6,naive,10,200,11,12.31,22.77,10
166,26,optimized,200,200,1,10.297,30.54,200
167,5,optimized,50,200,1,3.378,16.54,50
168,30,optimized,10,200,1,3.131,12.75,10
169,2,naive,200,200,201,231.562,246.178,200
170,27,optimized,200,200,1,7.309,22.434,200
171,2,optimized,50,200,1,5.461,18.326,50
172,14,naive,200,200,201,218.141,234.135,200
173,4,optimized,200,200,1,8.01,24.839,200
174,18,optimized,10,200,1,2.465,14.057,10
175,4,naive,50,200,51,61.818,73.768,50
176,25,optimized,200,200,1,6.556,22.301,200
177,7,optimized,10,200,1,2.132,12.305,10
178,3,naive,10,200,11,15.168,26.992,10
179,8,naive,50,200,51,55.994,65.879,50
180,17,optimized,200,200,1,7.365,22.094,200
