question_id,technique,rank,source_file,store_score,cosine_similarity,chunk_length,retrieval_latency_ms,expected_source,expected_source_match,preview
q1,Token,1,vta_climate_actions.pdf,0.6531212043894705,0.6782376020566924,1157,18.05100000638049,vta_climate_actions.pdf,True,Safety & Security Mid-Term AD-CC-1.7: Conduct emergency response exercises with both internal and external partners by inviting member agencies and other partne...
q1,Token,2,vta_climate_actions.pdf,0.635990848964656,0.6517332323297376,1125,18.05100000638049,vta_climate_actions.pdf,True,Create a web-based dashboard that underscores vulnerability assessment findings and actions that can be taken to improve resilience to better inform riders and...
q1,Token,3,vta_climate_actions.pdf,0.6048745886745467,0.601777098911684,1166,18.05100000638049,vta_climate_actions.pdf,True,System Safety & Security Mid-Term AD-CC-3.2: Consider and fully understand all aspects of VTA’s transportation network and how they will perform under evacuatio...
q1,Token,4,vta_climate_actions.pdf,0.5849149049800393,0.574210881221221,1118,18.05100000638049,vta_climate_actions.pdf,True,"efficiently get around. For example, VTA's Rail Rehabilitation and Replacement Program, which includes rehabilitation and replacement projects for overhead powe..."
q1,Token,5,vta_climate_actions.pdf,0.5645596564899884,0.5797248843636873,1151,18.05100000638049,vta_climate_actions.pdf,True,"further leveraging mobile applications (such as the ""VTAlerts"" app), and including audible indicators, where feasible. System Safety & Security Mid-Term AD-CC-1..."
q2,Token,1,vta_climate_actions.pdf,0.603375224939394,0.5547634195364276,1118,15.182900009676814,vta_climate_actions.pdf,True,"efficiently get around. For example, VTA's Rail Rehabilitation and Replacement Program, which includes rehabilitation and replacement projects for overhead powe..."
q2,Token,2,vta_climate_actions.pdf,0.5893842231628529,0.5428232200506389,1114,15.182900009676814,vta_climate_actions.pdf,True,"Near-Term AD-F-6.2: Conduct safety audits and inspections across VTA's transportation system (e.g., facilities, buses) to identify and address potential safety..."
q2,Token,3,vta_climate_actions.pdf,0.5778741606593049,0.5379308051282647,1232,15.182900009676814,vta_climate_actions.pdf,True,Increase natural ventilation and passive cooling of facilities through changes in operation and positioning of doors and windows and installing additional vents...
q2,Token,4,vta_climate_actions.pdf,0.5651038829414042,0.5010377252494398,1159,15.182900009676814,vta_climate_actions.pdf,True,"monitored (which can reduce operational rail costs associated with rail inspection requirements during hot weather), or motion sensors that can identify a therm..."
q2,Token,5,vta_climate_actions.pdf,0.5599620712512029,0.5319235536839728,1112,15.182900009676814,vta_climate_actions.pdf,True,"outdoor waiting areas. Engineering & Program Delivery Mid-Term AD-F-1.2: Where feasible, increase shading and use heat-mitigating materials around VTA facilitie..."
q3,Token,1,vta_security_and_system_safety.pdf,0.7089621523341212,0.7132633177505011,1198,14.961399996536784,vta_security_and_system_safety.pdf,True,"authority to interrupt or cease BART operations. The BART System Safety Department is also responsible for implementation of BART's Emergency Plan, the authorit..."
q3,Token,2,vta_security_and_system_safety.pdf,0.6567400380335393,0.6686941115951364,1192,14.961399996536784,vta_security_and_system_safety.pdf,True,"and sets forth an operations plan for each type of emergency. The various operations plans address the initial fact finding and reporting procedures, communicat..."
q3,Token,3,vta_security_and_system_safety.pdf,0.5845063010773944,0.5862570136119379,1211,14.961399996536784,vta_security_and_system_safety.pdf,True,Safety The BART System Safety Department is primarily responsible for ensuring that safety procedures are developed and implemented throughout the BART District...
q3,Token,4,vta_security_and_system_safety.pdf,0.5580760654140932,0.5629405878406968,1156,14.961399996536784,vta_security_and_system_safety.pdf,True,"applicant must have at least 30 college-semester units. The majority of officers are assigned to the Patrol Bureau and are eligible for specialized assignments,..."
q3,Token,5,vta_security_and_system_safety.pdf,0.5050195205997744,0.5085661732670862,1206,14.961399996536784,vta_security_and_system_safety.pdf,True,"ROW is strictly controlled. Non-public areas within the BART system, which include the electrified rail alignment, train yard, and maintenance facilities, are s..."
q4,Token,1,septa_norristown_collision.pdf,0.8273841547939896,0.8117946133027872,1026,17.78270000068005,septa_norristown_collision.pdf,True,operator. The guides generally begin with a reminder to the dispatcher to gather information by requesting it from the SEPTA employee calling in the emergency....
q4,Token,2,septa_norristown_collision.pdf,0.7849353801093842,0.7613126874884344,1071,17.78270000068005,septa_norristown_collision.pdf,True,"mph resulted in injuries to three-quarters of the train’s 16 occupants, including two serious injuries. This high injury rate indicates that limiting collision..."
q4,Token,3,septa_norristown_collision.pdf,0.7654390270088275,0.7217260226337173,1039,17.78270000068005,septa_norristown_collision.pdf,True,"maximum speed when trains operate on this override in zero-speed zones, including the roughly 1,100 feet of track immediately south of Norristown Station platfo..."
q4,Token,4,septa_norristown_collision.pdf,0.7449028585378296,0.6956623087970796,1021,17.78270000068005,septa_norristown_collision.pdf,True,Its fixed guideway operations include various trolley and light rail services regulated by the Federal Transit Administration (FTA) and commuter rail operations...
q4,Token,5,septa_norristown_collision.pdf,0.740723076562282,0.5802434399075421,942,17.78270000068005,septa_norristown_collision.pdf,True,"normal berthing positions as shown in figure 5.9 On track 1, the trips stops are positioned to activate with 5.5 feet between an N-5 LRV coupler and the bumping..."
q5,Token,1,septa_norristown_collision.pdf,0.6663523856658269,0.5972875316492045,1057,17.852099990705028,septa_norristown_collision.pdf,True,"NTSB/RAR-09/02. Washington, DC: NTSB. 14 (a) Chicago Transit Authority Train Collides with Bumping Post and Escalator at O’Hare Station, Chicago, Illinois, Marc..."
q5,Token,2,septa_norristown_collision.pdf,0.6530703987253237,0.5963727177538622,997,17.852099990705028,septa_norristown_collision.pdf,True,Railroad Investigation Report RIR-26-05 13 2 Analysis 2.1 Summary and Exclusions LRV 153 collided with the track 1 bumping post at Norristown Station after the...
q5,Token,3,septa_norristown_collision.pdf,0.6491006648196427,0.6346690610282734,1071,17.852099990705028,septa_norristown_collision.pdf,True,"exceeded the area’s maximum authorized speed and operated into a stationary, out-of-service train without braking. The track was not equipped with ATC or TBTC...."
q5,Token,4,septa_norristown_collision.pdf,0.6435611958440617,0.42162281735560764,502,17.852099990705028,septa_norristown_collision.pdf,True,"more detailed background information on this report, visit the NTSB Case Analysis and Reporting Online (CAROL) website and search for NTSB accident ID RRD25FR01..."
q5,Token,5,septa_norristown_collision.pdf,0.6413736300444893,0.6216750111669281,1040,17.852099990705028,septa_norristown_collision.pdf,True,"Track and Signals 1.4.1 Track Characteristics The track where the collision occurred was signalized main track. At Norristown Station itself, the station platfo..."
q1,Semantic,1,vta_climate_actions.pdf,0.5564198169477711,0.5305955608269203,7904,14.973999990615994,vta_climate_actions.pdf,True,Appendix E CAAP Implementation Tables Adaptation Actions Adaptation Actions Implementation Table Action Lead Division or Dept. Implementation Timeframe Cross-Cu...
q1,Semantic,2,vta_security_and_system_safety.pdf,0.5286155059445575,0.4697991074987607,2367,14.973999990615994,vta_climate_actions.pdf,False,"Crime and antisocial behavior are potential problems in any public environment. System Safety refers to the prevention of accidents to the riding public, employ..."
q1,Semantic,3,septa_norristown_collision.pdf,0.4981852645111491,0.5141350893905506,11455,14.973999990615994,vta_climate_actions.pdf,False,"Trip stop on track 1. SEPTA made a system-wide broadcast to all SEPTA employees on June 4, describing the accident and emphasizing the importance of rules compl..."
q1,Semantic,4,vta_climate_actions.pdf,0.43826575000514356,0.42983945280309843,1345,14.973999990615994,vta_climate_actions.pdf,True,"Engineering & Program Delivery Variable AD-CC-7.1: Monitor climate impacts on assets and operations, as well as resulting costs and economic impacts, to justify..."
q1,Semantic,5,vta_climate_actions.pdf,0.4323653290804705,0.48806941543032323,183,14.973999990615994,vta_climate_actions.pdf,True,"Additionally, the group will be responsible for data sharing throughout VTA and beyond. Engineering & Program Delivery Near-Term Adaptation Actions Action Lead..."
q2,Semantic,1,vta_climate_actions.pdf,0.6046844042797027,0.5535324284615774,3258,17.2694000066258,vta_climate_actions.pdf,True,Pilot success should help determine the feasibility of this as a solution that could be brought to scale across park-and-ride lots that are not exposed to tempo...
q2,Semantic,2,vta_climate_actions.pdf,0.5844677482992285,0.5161709426593485,2380,17.2694000066258,vta_climate_actions.pdf,True,Implementation Timeframe AD-F-3.2: Armor subgrade and sub-ballast with riprap or other materials to prevent light rail track structure from weakening because of...
q2,Semantic,3,vta_security_and_system_safety.pdf,0.5593428608800776,0.5075762127909484,2367,17.2694000066258,vta_climate_actions.pdf,False,"Crime and antisocial behavior are potential problems in any public environment. System Safety refers to the prevention of accidents to the riding public, employ..."
q2,Semantic,4,vta_climate_actions.pdf,0.5496704255720126,0.5147236054353247,1345,17.2694000066258,vta_climate_actions.pdf,True,"Engineering & Program Delivery Variable AD-CC-7.1: Monitor climate impacts on assets and operations, as well as resulting costs and economic impacts, to justify..."
q2,Semantic,5,vta_climate_actions.pdf,0.523228406025225,0.4708008305706734,7904,17.2694000066258,vta_climate_actions.pdf,True,Appendix E CAAP Implementation Tables Adaptation Actions Adaptation Actions Implementation Table Action Lead Division or Dept. Implementation Timeframe Cross-Cu...
q3,Semantic,1,vta_security_and_system_safety.pdf,0.43300879171983087,0.4759588488449515,2367,17.435400004615076,vta_security_and_system_safety.pdf,True,"Crime and antisocial behavior are potential problems in any public environment. System Safety refers to the prevention of accidents to the riding public, employ..."
q3,Semantic,2,vta_security_and_system_safety.pdf,0.42800709903959094,0.44296838482177603,1171,17.435400004615076,vta_security_and_system_safety.pdf,True,"These standards are based on experience in operations and industry-wide best practices, and have been developed to provide a high level of security and safety i..."
q3,Semantic,3,vta_security_and_system_safety.pdf,0.4004492284768139,0.3845277415258936,7277,17.435400004615076,vta_security_and_system_safety.pdf,True,"Fewer incidents occur on BART trains. The BART police have an average response time to emergencies of 4 minutes, and an Silicon Valley Rapid Transit Corridor Fi..."
q3,Semantic,4,vta_security_and_system_safety.pdf,0.38896842480016897,0.4165855389541338,3183,17.435400004615076,vta_security_and_system_safety.pdf,True,"This is particularly critical for the tunnel segment emergency ventilation structures and emergency egress and ingress. In these cases, there are established em..."
q3,Semantic,5,vta_climate_actions.pdf,0.3578044800051984,0.35577589019855876,7904,17.435400004615076,vta_security_and_system_safety.pdf,False,Appendix E CAAP Implementation Tables Adaptation Actions Adaptation Actions Implementation Table Action Lead Division or Dept. Implementation Timeframe Cross-Cu...
q4,Semantic,1,septa_norristown_collision.pdf,0.7505039713907831,0.711847935160096,8313,18.527499996707775,septa_norristown_collision.pdf,True,The maximum authorized speed through the area was 15 mph as set by timetable. The NTSB’s postaccident examination of the track near the accident found no indica...
q4,Semantic,2,septa_norristown_collision.pdf,0.7118019667281631,0.5928447266446004,5067,18.527499996707775,septa_norristown_collision.pdf,True,"Figure 3. Diagram of LRV153's final movement. Immediately after the collision, LRV 153 went into emergency and began to move backward from the bumping post.5 Th..."
q4,Semantic,3,septa_norristown_collision.pdf,0.7099118862508057,0.518427781284843,279,18.527499996707775,septa_norristown_collision.pdf,True,"Nine passengers and the operator sustained minor injuries; two passengers were seriously injured. SEPTA estimated damage to equipment to be about $920,000. At t..."
q4,Semantic,4,septa_norristown_collision.pdf,0.6826392298157118,0.6071246367407835,11455,18.527499996707775,septa_norristown_collision.pdf,True,"Trip stop on track 1. SEPTA made a system-wide broadcast to all SEPTA employees on June 4, describing the accident and emphasizing the importance of rules compl..."
q4,Semantic,5,septa_norristown_collision.pdf,0.6686631446900398,0.4448275623215878,310,18.527499996707775,septa_norristown_collision.pdf,True,"Washington, DC: NTSB. 12 The public docket for this investigation has been released. Further information is available on the NTSB’s website (case number RRD25FR..."
q5,Semantic,1,septa_norristown_collision.pdf,0.6630427248225926,0.546403747920084,310,19.269500000518747,septa_norristown_collision.pdf,True,"Washington, DC: NTSB. 12 The public docket for this investigation has been released. Further information is available on the NTSB’s website (case number RRD25FR..."
q5,Semantic,2,septa_norristown_collision.pdf,0.6571582396638516,0.5996334317385773,3796,19.269500000518747,septa_norristown_collision.pdf,True,1 (a) Visit ntsb.gov to find additional information in the public docket for this National Transportation Safety Board (NTSB) accident investigation (case numbe...
q5,Semantic,3,septa_norristown_collision.pdf,0.6315489697676788,0.6338624749270476,8313,19.269500000518747,septa_norristown_collision.pdf,True,The maximum authorized speed through the area was 15 mph as set by timetable. The NTSB’s postaccident examination of the track near the accident found no indica...
q5,Semantic,4,septa_norristown_collision.pdf,0.6066955691496345,0.572229888200578,4163,19.269500000518747,septa_norristown_collision.pdf,True,See CAROL for this recommendation’s complete history. Railroad Investigation Report RIR-26-05 17 personnel to train emergency responders on transit emergencies...
q5,Semantic,5,septa_norristown_collision.pdf,0.6050083131594927,0.5529376472525895,944,19.269500000518747,septa_norristown_collision.pdf,True,"Railroad Investigation Report RIR-26-05 1 Southeastern Pennsylvania Transportation Authority End-of-Track Collision Location Norristown, Pennsylvania Date May 1..."
q1,Sentence window,1,vta_climate_actions.pdf,0.6938539123899315,0.7213031395039126,478,35.449000002699904,vta_climate_actions.pdf,True,"Implementation Timeframe AD-CC-1.9: Improve digital infrastructure to better communicate emergency and service disruption information to riders, which may inclu..."
q1,Sentence window,2,vta_climate_actions.pdf,0.6001681305857041,0.58986955196339,366,35.449000002699904,vta_climate_actions.pdf,True,External Affairs Mid-Term AD-CC-2.3: Create a web-based dashboard that underscores vulnerability assessment findings and actions that can be taken to improve re...
q1,Sentence window,3,vta_climate_actions.pdf,0.5739931267618597,0.5293498023441561,291,35.449000002699904,vta_climate_actions.pdf,True,External Affairs Mid-Term AD-CC-3.1: Identify alternative transit routes and modes of transportation and develop protocols for service disruptions or temporary...
q1,Sentence window,4,vta_climate_actions.pdf,0.5574488689766565,0.6380561970893679,216,35.449000002699904,vta_climate_actions.pdf,True,"Conduct outreach to clarify response elements of plans and highlight VTA's capabilities to support emergency response efforts within its service area, such as p..."
q1,Sentence window,5,vta_climate_actions.pdf,0.5498852098201421,0.5813996964064712,368,35.449000002699904,vta_climate_actions.pdf,True,System Safety & Security Mid-Term AD-CC-3.2: Consider and fully understand all aspects of VTA’s transportation network and how they will perform under evacuatio...
q2,Sentence window,1,vta_climate_actions.pdf,0.7160640441697003,0.6402585238391469,289,36.386700012371875,vta_climate_actions.pdf,True,"Operations Near-Term AD-F-2.2: Develop official protocols for managing and protecting light rail operations during extreme heat events, such as frequent track w..."
q2,Sentence window,2,vta_climate_actions.pdf,0.6227641994264699,0.5684368654925247,296,36.386700012371875,vta_climate_actions.pdf,True,"Engineering & Program Delivery Mid-Term AD-F-1.2: Where feasible, increase shading and use heat-mitigating materials around VTA facilities, such as in park-and-..."
q2,Sentence window,3,vta_climate_actions.pdf,0.6046901051416748,0.5037101711767776,356,36.386700012371875,vta_climate_actions.pdf,True,"Operations Mid-Term AD-F-3.3: Where exposure to temporary flooding is prevalent, research and treat light rail system and track components, along with bus/parat..."
q2,Sentence window,4,vta_climate_actions.pdf,0.592949179778275,0.5298761224854025,254,36.386700012371875,vta_climate_actions.pdf,True,"Some considerations should include accessibility and safety (e.g., ensuring maintenance personnel can access equipment), importance to VTA's operations, elevati..."
q2,Sentence window,5,vta_climate_actions.pdf,0.579200763580176,0.5048780523155061,302,36.386700012371875,vta_climate_actions.pdf,True,"For example, VTA's Rail Rehabilitation and Replacement Program, which includes rehabilitation and replacement projects for overhead power wires, concrete panels..."
q3,Sentence window,1,vta_security_and_system_safety.pdf,0.762649230870609,0.7980971228687295,145,29.42000000621192,vta_security_and_system_safety.pdf,True,"In accordance with BART emergency procedures, local fire departments are the primary responders in the event of a fire within the BART system."
q3,Sentence window,2,vta_security_and_system_safety.pdf,0.6970006818981813,0.7612582704907893,209,29.42000000621192,vta_security_and_system_safety.pdf,True,"Under an agreement with all affected fire departments for the existing system, the local fire department would assume overall command of any fire emergency scen..."
q3,Sentence window,3,vta_security_and_system_safety.pdf,0.6172292572968577,0.6795262125974509,163,29.42000000621192,vta_security_and_system_safety.pdf,True,"The BART System Safety Department is also responsible for implementation of BART's Emergency Plan, the authoritative procedure to be used in an emergency event."
q3,Sentence window,4,vta_security_and_system_safety.pdf,0.570003023733536,0.6529150037489877,200,29.42000000621192,vta_security_and_system_safety.pdf,True,"In all cases, the Emergency Plan identifies the responsibilities of the involved persons and authorities (train operators, BART Central Control, BART police, th..."
q3,Sentence window,5,vta_security_and_system_safety.pdf,0.5379568753093266,0.5524303089815531,172,29.42000000621192,vta_security_and_system_safety.pdf,True,System Safety The BART System Safety Department is primarily responsible for ensuring that safety procedures are developed and implemented throughout the BART D...
q4,Sentence window,1,septa_norristown_collision.pdf,0.8454471418581252,0.8579387935182201,273,28.42310001142323,septa_norristown_collision.pdf,True,"1.8 Postaccident Actions On May 22, 2025, in response to the collision, SEPTA issued an operations bulletin imposing a speed restriction near Norristown Station..."
q4,Sentence window,2,septa_norristown_collision.pdf,0.8033689914808101,0.8221589745909732,166,28.42310001142323,septa_norristown_collision.pdf,True,"In response to this collision, SEPTA lowered the maximum authorized speed near Norristown Station to 5 mph but did not reconfigure its ATC to enforce the new sp..."
q4,Sentence window,3,septa_norristown_collision.pdf,0.7714861590968756,0.6208146065123247,134,28.42310001142323,septa_norristown_collision.pdf,True,This high injury rate indicates that limiting collision speeds to 15 mph is insufficient to protect SEPTA employees and the public.
q4,Sentence window,4,septa_norristown_collision.pdf,0.7611769734921152,0.45659337816495166,79,28.42310001142323,septa_norristown_collision.pdf,True,4 (a) The maximum authorized speed in the area was set by timetable at 15 mph.
q4,Sentence window,5,septa_norristown_collision.pdf,0.7609611710144398,0.4784732548527333,80,28.42310001142323,septa_norristown_collision.pdf,True,The maximum authorized speed through the area was 15 mph as set by timetable.
q5,Sentence window,1,septa_norristown_collision.pdf,0.7139722444151795,0.49469900348493534,199,38.73339999699965,septa_norristown_collision.pdf,True,The NTSB has recently investigated or is investigating two other recent transit rail accidents in which the absence of safeguards against operator error or inca...
q5,Sentence window,2,septa_norristown_collision.pdf,0.7111302532304772,0.43133557720353166,142,38.73339999699965,septa_norristown_collision.pdf,True,The NTSB’s postaccident examination of the track near the accident found no indications that the track had deviated from SEPTA’s standards.
q5,Sentence window,3,septa_norristown_collision.pdf,0.6995981383562392,0.4616122665991786,372,38.73339999699965,septa_norristown_collision.pdf,True,"The NTSB does not assign fault or blame for an accident or incident; rather, as specified by NTSB regulation, “accident/incident investigations are fact-finding..."
q5,Sentence window,4,septa_norristown_collision.pdf,0.6963148362037556,0.3876799574884274,135,38.73339999699965,septa_norristown_collision.pdf,True,"When interviewed by the National Transportation Safety Board (NTSB), the operator did not report anything unusual about these trips."
q5,Sentence window,5,septa_norristown_collision.pdf,0.6948525634197019,0.5355377712097749,222,38.73339999699965,septa_norristown_collision.pdf,True,"The following factors did not contribute to the collision: • Visibility—weather conditions on the day of the accident were clear and sunny, and there are no obs..."
